Id,Execution Time,Success
air.com.KalromSystems.FruitDrawPlay,6.928384065628052,False
com.astragon.cs3lite,10.335208892822266,True
trivia.world,8.794148206710815,True
com.motorola.camera,9.849042892456055,True
com.zenjoy.pipcollage,8.94148302078247,True
com.corytrese.games.startraderselite,8.700205087661743,True
com.vpnmasterx.free,9.567950010299683,True
vidma.screenrecorder.videorecorder.videoeditor.lite,8.663619041442871,True
air.com.playcus.bingostars,9.711483240127563,True
com.berniiiiiiii.palavrascruzadas,8.312162637710571,True
com.girls.hairstyle.images,9.325202226638794,True
cz.mobilesoft.appblock,10.385547876358032,True
pl.idreams.CanKnockdown3,9.184666872024536,True
com.cradley.bee.robot.games,10.06029486656189,True
com.zonmob.stickman.leagueofheroes,11.955722093582153,True
com.appon.worldofcricket,8.662235021591187,True
prox.lab.calclock,8.480962753295898,True
it.fabbricadigitale.meteoit.page,8.350735902786255,True
de.casparwre.insult,8.540992975234985,True
com.abg.VRVideoPlayer,8.460636138916016,True
com.flightradar24free,8.518075942993164,True
com.microsoft.launcher,8.316725015640259,True
com.mobile.simplilearn,12.066213130950928,False
myradio.radio.fmradio.liveradio.radiostation,9.40385627746582,True
com.estsoft.picnic,8.228093385696411,True
com.vincentb.MobControl,10.135258197784424,True
com.islam.suratyaseen,9.467668294906616,True
com.thumbtack.pro,9.031754970550537,True
com.appcreators.chatzone,8.856917142868042,True
com.lianhezhuli.hyfit,8.763180017471313,True
com.djinnworks.ss18,9.4739830493927,True
com.aswdc_typingspeed,8.799589157104492,True
air.hr.definicijahrane.babyfoodchart,9.76248288154602,True
care.telemed.patient,11.221724271774292,False
com.cosmicmobile.app.cross_stitch,8.904569864273071,True
com.tinyco.potter,9.135735034942627,True
com.doodle.master.draw.glow.art,8.53428316116333,True
com.rvappstudios.numbers123.toddler.counting.tracing,8.89518404006958,True
com.manevikardeslik.kuran,8.532989978790283,True
com.slot.spins.casino.machine.bar.tragaperras.vikingos.unidesa.tragamonedas,8.646495342254639,True
ru.ruxlab.motivation,8.958600759506226,True
com.recorder.music.mp3.musicplayer,8.269999980926514,True
net.familo.android,9.234666109085083,True
com.johnlscott.mobile.client,11.981627941131592,False
ua.com.rozetka.shop,8.964133977890015,True
com.ebay.gumtree.au,10.533108949661255,True
com.flavionet.android.camera.pro,8.771461009979248,True
com.magmamobile.game.SolitaireKlondike,8.686353921890259,True
com.gm.chevrolet.nomad.ownership,8.861800909042358,True
com.my.hc.rpg.kingdom.simulator,9.558413982391357,True
com.baiwang.squareblend,8.484174013137817,True
com.irisstudio.videomerge,8.603517055511475,True
com.braveknight.quiz01,8.663034915924072,True
com.mobile.justmop,10.434165954589844,True
com.absolutist.timegap,8.458539009094238,True
com.schoology.app,9.135577917098999,True
com.allfootballapp.google2,8.65381383895874,True
com.funbox.englishlisteningpractice,8.337897062301636,True
com.netmarble.mpoker,8.89430022239685,True
net.red_cat.cmdpainter,9.316307067871094,True
hindi.ncert.books.solutions,8.956790924072266,True
com.uzmafariz.laguanakindonesia,8.49330997467041,True
de.spiegel.android.app.spon,8.85517168045044,True
com.shopmium,8.572249174118042,True
br.uol.noticias,8.814372777938843,True
com.freestyle.wordpuzzle,8.734421968460083,True
com.ketchapp.stack,8.738712072372437,True
com.farm.wild.animals.transporter.truck.simulator.games,11.076238870620728,True
clalit.android,8.45028018951416,True
br.com.hsneves.futcardcreator,8.920925855636597,True
com.class12.ncertbooks,8.214457988739014,True
com.skiplagged,8.376903772354126,True
com.kbmit.hnmoney,8.655036926269531,True
com.GaragaraBoneStd.fnf.thursday.night,8.372751951217651,True
com.byjus.thelearningapp,8.59560489654541,True
fatburningworkout.feeltheburn.burnfatworkout,8.485303163528442,True
com.c25k,9.168889999389648,True
ru.yandex.music,11.996977806091309,True
com.fanatics,9.156836032867432,True
com.shutterstock.contributor,8.715773105621338,True
com.tellmewow.senior.brain.training,9.398152828216553,True
com.teetoo.crazy.taxi.simulator.offline.car.games,9.895513772964478,False
com.tatem.dinhunterhd,9.021812915802002,True
com.crocusoft.smartcustoms,8.980371236801147,True
it.froggy.tgcom,9.095124006271362,True
com.gss.offroad.policetransporttruck,8.582215785980225,True
com.nomadgames.everybodyrpgpay,8.487282037734985,False
net.natura.semprepresente,8.601046085357666,True
com.qustodio.family.parental.control.app.screentime,9.041538953781128,False
com.gsb.genciz.biz,8.851427793502808,True
com.czaam,9.026030778884888,True
com.playit.videoplayer,8.667908191680908,True
com.sega.sonic1px,8.832916021347046,True
com.boranuonline.idates,9.094812154769897,True
air.com.Yoypo.SkillFinger,8.930761814117432,True
com.neowiz.games.sudda,8.670882225036621,True
com.yhi.police.motorbike.city.cop.extreme.real.gangster.chase,8.406533002853394,True
app.free.lucky.quiz.us,8.55517292022705,True
com.oscarudhaarapp,9.406270980834961,True
air.com.vamapaull.ChristmasDayCountdown,559.7213039398193,True
com.mytalkingdogvirtualpet.puppygames,10.17144775390625,True
com.getyourguide.android,8.35692024230957,True
com.brokenscreen.prank.free,8.601073980331421,True
mx.naat.televisa.video,8.40053415298462,True
com.zvooq.openplay,8.732128143310547,True
com.guilardi.euseiamusicainternacional,8.73374080657959,True
music.audio.effect.equalizer,8.54463791847229,True
com.artysoul.photoeditor.collagemaker.image.editor,8.681180953979492,True
jodii.app,8.143471002578735,True
air.com.winkypinky.iceprincessmakeupsalonforsisters,8.625231981277466,True
fm.castbox.audiobook.radio.podcast,9.491156101226807,True
com.newpubco.spades,9.729193925857544,True
com.bridebook.mobileapp,8.621690273284912,True
com.hmg.fashiongames.dressupgames.girlsgames,8.659584760665894,True
com.indyzalab.transitia,8.27594804763794,True
com.huuuge.stars.slots,8.879708051681519,True
vn.tiki.app.tikiandroid,8.687318086624146,True
com.lazygeniouz.saveit,8.664669036865234,True
com.playamedia.gaudi,9.467472791671753,True
com.chris.android.mydaysfree,9.00253415107727,True
com.gameswing.impossiblecarstunts.trickydriving.rampcarjumping.games,10.10848617553711,True
com.artelplus.howtodraw,8.880482912063599,True
qt.door,8.382120847702026,True
tm.app.worldClock,8.732831954956055,True
com.aceviral.angrygranrun,8.489325046539307,True
com.music.game.dancing.hair.beat.race,8.369055032730103,True
com.spinthewheeldecider,9.09146785736084,True
com.kimura.pianogame,8.553691148757935,True
com.wave.keyboard.theme.steampunkanimatedkeyboard,8.467414855957031,True
ru.ufanet.smarthome,8.628973960876465,True
shooter.online.warplanes,9.006609201431274,True
de.casparwre.flirt,9.279329061508179,True
ru.mail.horo.android,8.972429990768433,True
com.Three.Point.Contest.Basketball,12.194423913955688,False
com.ismaker.android.simsimi,8.920329093933105,True
com.fidgettrading.game,9.118098020553589,True
com.oneblockmap.survivalskyblocks,8.894014835357666,True
com.autolauncher.motorcar,8.71597695350647,True
com.papajohns.android,8.640960931777954,True
liveearthcams.onlinewebcams.livestreetview,8.710099935531616,True
com.newgen.alwayson,8.611231088638306,True
mx.livewallpaper.clocklight,8.846216917037964,True
kr.co.company.hwahae,8.801583766937256,True
com.loan.credit.branch.tala.fast.efectivo.mexico,8.18834900856018,True
com.cargurus.mobileApp,8.205907106399536,True
ua.mvs.vfx,8.553795099258423,True
com.unicostudio.whois2,9.981751918792725,True
batalsoft.xylophonepianoforkids,10.913341045379639,True
com.mi.AthleanX,9.507658243179321,True
com.smokoko.race,10.022281885147095,True
com.retrodreamer.IceCreamJump.android.free,8.644611120223999,True
com.strangers.chat_developers.strangerschatapp,8.94846487045288,True
com.greeneking.orderandpay,9.527672052383423,True
com.alokmandavgane.hinducalendar,27.84659481048584,True
com.sumoing.recolor,9.257413864135742,True
com.fa.real.punch.boxing.warrior,9.065486192703247,True
be.digitalia.fosdem,8.924288034439087,True
com.miniclubstudio.mayhem.undefeated.WR3Dfree.wrestlingrevolution.wwewrestling.wrestlinggames,8.30814003944397,True
com.multibrains.taxi.passenger.ridepassengeret,8.937422752380371,True
nikeno.Tenki,8.489969968795776,True
word.tailor.match.game.fr,8.629357099533081,True
com.jio.jiogames,8.444440126419067,True
com.djages.taipeifoodblogs,8.538183212280273,True
com.mufumbo.android.recipe.search,8.580979108810425,True
com.tunaikumobile.app,8.425955057144165,True
ir.ostadkar.customer,6.778218030929565,False
com.navitime.local.navitimedrive,8.557858943939209,True
com.offerwise.QueOpinas,8.449986934661865,True
com.next.innovation.takatak,8.788513898849487,True
com.disney.castleofillusion_goo,9.201261758804321,True
weather.forecast.radar.channel,9.677486896514893,True
com.dubaipolice.uaedrifting,8.816425085067749,True
tr.gov.mgm.meteorolojihavadurumu,22695.714220046997,True
piuk.blockchain.android,10.70448088645935,True
com.satsfying.power.washing,8.535592317581177,True
com.devplank.rastreiocorreios,8.619705200195312,True
br.com.umpensamentopordia,8.543641805648804,True
com.sausageflip.game,9.054905891418457,True
com.princessdress.photomaker,8.874749898910522,True
com.utilitiesandtool.pdfreader,9.422031879425049,True
com.IndependenceDay_14AugustPhotoFrames,11.650653839111328,True
com.one.goodnight,8.340178966522217,True
org.nanijdham.omssantsang.uat.secure,8.342609882354736,True
com.innovolve.iqraaly,8.758188962936401,True
com.match3blaster.DropStackBallFall,8.58007001876831,True
selfie.camera.stickers,8.356918096542358,True
com.epiphany.lunadiary,9.038874864578247,True
com.yamuir.pivotrecorder,8.830276727676392,True
com.marmalade.monopoly,12.390227794647217,True
com.kidsfoodinc.android_make_snowcones,9.240349769592285,True
com.digibites.calendar,9.386337041854858,True
com.kbstar.kbbank,9.17574691772461,False
air.BackWars,9.91154932975769,True
de.bild.MeinKlub,9.137370109558105,True
com.stylekorean.www,8.630013227462769,False
com.perspectivegames.battle.of.tanks,9.61195707321167,True
in.daily_puzzle.crossword,9.645683765411377,True
com.daimler.mbfa.android,8.904024839401245,True
com.marvel.comics,7.777163028717041,False
com.takeaway.android,9.393558979034424,True
com.Video_Mobile_VM.Damj_Sowar_2019,9.153372049331665,True
com.dic_o.dico_cze_eng,9.235252857208252,True
us.nicesolutions.voicelockscreen2,9.233335018157959,True
com.cs.newcardrivingsimulator,8.974390983581543,True
com.mrpic.chutcha,12.619210958480835,False
com.dailylife.communication,9.747693061828613,True
kr.co.smartstudy.babysharkcoloring_android_googlemarket,8.911345958709717,True
com.ta.offline.strike.force,9.778335094451904,True
com.psa.mym.myds,8.629270076751709,True
uk.co.avon.mra,9.362720012664795,True
com.freedomfighter.sniper.shootinggame,11.380881786346436,True
com.vaultmicro.camerafi.live,10.575217008590698,True
nu.tommie.inbrowser,9.215585708618164,True
com.hoj.kids.art.board.drawing.games,8.781947135925293,True
com.solitaire.daily.challenge.card.game,11.29649305343628,True
com.gamevil.cartoonwars3.android.google.global.normal,10.331881999969482,True
com.litera.games.crosswords.spanish,9.130112886428833,True
ie.rte.news,9.013937950134277,True
com.ekatommyriouxos,9.151618003845215,True
com.wedate.app,9.206929922103882,True
jp.co.yahoo.android.ybackup,9.824013948440552,True
com.sonos.acr,9.187189102172852,True
fish.live.wallpaper,9.202331066131592,True
makeup.selfiecamera.beautycam.beautyplus,9.295460939407349,True
com.daijiro.taiko2,8.744699001312256,True
com.crazylabs.soap.cutting,9.083288192749023,True
com.Qublix.SolitaireAtlantis,11.412708044052124,True
cf.guessthesong.adivinalacancion,9.115609884262085,True
com.goeuro.rosie,9.813491106033325,True
com.r7games.slotsaga,10.816519975662231,True
com.blackwhitemeet,9.02122688293457,True
mirrorapp.lightmirror.beautymirror.makeupmirror,8.837875127792358,True
com.minigames.jailbreaker,9.581682920455933,True
com.htt.fnf2,8.916649103164673,True
us.romanticstickers.lovestickers.couplelovestickers,10.152675151824951,True
com.clusterdev.malayalamkeyboard,8.990113973617554,True
com.propaganda3.paradeofhearts,9.438930988311768,True
com.kii.safe,9.465460777282715,True
com.minerva_medical.minerva,9.34828495979309,True
com.setsnail.daddylonglegs,9.037030220031738,True
com.unacademyapp,9.42476224899292,True
com.rzerogames.charlie3d,9.385725021362305,True
com.martinvillar.android.bibliaenfrances,10.030822992324829,True
sk.zdarma.nice.analog.clock,9.0787672996521,True
com.huuuge.domino,9.23669719696045,True
com.kikuu,8.874259233474731,True
com.didilabs.kaavefali,9.385711908340454,True
com.Project100Pi.themusicplayer,8.941489934921265,True
com.zippygames.gangwarsofsanandreas,10.619460821151733,True
com.NeufOctobre.BuMyBunnyVirtualPet,9.141865968704224,True
com.free.date.dating,8.987795114517212,True
epson.print,8.933143615722656,True
com.vpnbottle.melon.free.unblock.fast.vpn,10.246909856796265,True
se.smhi.mobile.android,9.752031087875366,True
com.konnected,8.634642124176025,True
com.farmlend.android,8.704531908035278,True
com.martinmagni.fancade,8.325788736343384,True
com.gex.dodgeemall,9.2711660861969,True
com.supervpn.vpn.free.proxy,9.852746725082397,True
com.outfit7.mytalkingtom2,10.260364055633545,True
com.mobirix.connectfour,9.552259922027588,True
com.gameslegends.modernbus.citycoach.busdriving.bussimulator.busgame2020,12.090835809707642,True
com.bws,11.811636924743652,True
com.sm.SlingGuide.Dish,11.154760837554932,True
nl.nos.app,9.16385006904602,True
ua.privatbank.ap24,8.714209079742432,True
com.mobirix.abmon,8.461762189865112,True
wongi.weather,9.30383014678955,True
vidma.screenrecorder.videorecorder.videoeditor.pro,8.583110094070435,True
free.os.jump.superbros.adventure.world,9.094475984573364,True
com.dynamicgames.worldtruckdrivingsimulator,11.618651151657104,True
com.pspstation.databaseultimate,8.611495971679688,True
com.superbox.aos.fire2048,9.173836946487427,True
com.psafe.cleaner,6.854307651519775,False
com.gamestar.pianoperfect,9.378905773162842,True
com.idealapp.multicollage.art,9.02341914176941,True
com.uken.pool,8.714823007583618,True
com.modsformelon,9.537516593933105,True
com.tregware.radar,9.268715858459473,True
com.harmonybit.domino,8.646097183227539,True
com.min.car,8.762876987457275,True
com.grppl.android.shell.CMBlloydsTSB73,8.652185916900635,True
com.greenlionsoft.free.madrid,8.85472321510315,True
com.Khaleef.CricWickMobilink,9.690481901168823,True
com.weather.forecast.daily,8.961859226226807,True
com.matchtech.cafe,8.567278861999512,True
com.chess.champ,10.662744760513306,True
com.jogatina.buraco,9.46143627166748,True
com.bingoringtones.birds,9.113500356674194,True
com.babybus.overseas.superjojo,8.935271978378296,True
com.shvagerfm.Breast,9.271252870559692,True
com.tophatch.concepts,10.31130599975586,False
com.blyts.nobodies,9.451385974884033,True
com.GamesForKids.Mathgames.MultiplicationTables,9.695690155029297,True
com.alek.funnyenglish,8.213165998458862,True
com.SouthernPacificOceanFisher.VoiceToText_memo,8.960524082183838,True
com.handroid.cameragunfight,11.390132904052734,True
com.stockx.stockx,10.087387084960938,True
co.vtube.fvtech,9.151846885681152,True
jp.co.shueisha.youngjump.android,13.338895320892334,True
cl.com.papajohns,8.836757898330688,True
com.sinyee.babybus.garden,8.625398874282837,True
com.ketchapp.dunkshot,10.177103042602539,True
com.ertiqa.lamsa,9.731751918792725,True
com.sinyee.babybus.expedition,8.535452365875244,True
com.mohitdev.minebuild,9.503765106201172,True
yamayka.apps.Makeup,8.47461485862732,True
com.rasheedsoft.million,10.168757915496826,True
com.aireuropa.mobile,8.601585149765015,True
com.netmarble.rav,9.756103992462158,True
com.tbegames.and.top_speed_drag_racing2,12.339245796203613,True
com.studio.aone.girlshairstyle.hairstylestepbystep,8.959619045257568,True
in.dishtv.subscriber,9.637505054473877,True
com.game.SuperMii,8.883347988128662,True
com.Version1,9.030953884124756,False
com.sms.caregame,9.175572872161865,True
esselgroup.zeemedia.wionews,8.459683179855347,True
com.media1908.lightningbug,8.571131706237793,True
tursky.jan.imeteo.free.pocasie,9.718155860900879,True
com.renderedideas.cookingchef,9.852632761001587,True
me.oann.news,10.725568056106567,True
com.scopely.monopolygo,9.62171220779419,True
com.wallpaperworlds.pictureswallpaper,8.555206775665283,True
com.pregnantcatemma.virtualpet,9.459331750869751,True
com.incyteltech.mencherz,8.838056802749634,True
com.idea.videocompress,8.743406772613525,True
com.aps.euro.truck.cargo.driving.sim,11.942753076553345,True
com.hkfuliao.chamet,8.713368654251099,True
com.vng.playtogether,12.541571140289307,True
com.rds.bike.racer.highway.rider.traffic.bike.racing.game,12.451136827468872,True
kr.jungrammer.candytalk,8.554043769836426,True
com.scannerradio,8.778720617294312,True
com.ubisoft.hungrysharkworld,9.25533413887024,True
uk.co.dominos.android,9.182174921035767,True
com.gdcompany.robocars.shooterwarfare,8.36062502861023,True
com.blyts.escoba,9.37873888015747,True
om.gov.moh.tarassudapplication,8.70967721939087,True
com.bipfun.babymonitor,9.752519845962524,True
com.rookie.app.tebaklagu,9.275099039077759,True
live.wallpaper.phone.battery.info,8.951963901519775,True
com.ytb2020.subforsub,9.862529754638672,True
com.trendvg3.droid.feed,9.273289918899536,True
com.veraxen.jigsawpuzzlescollectionhd,9.41205883026123,True
com.autodesk.autocadws,9.210458993911743,True
com.aol.mobile.aolapp,8.78787088394165,True
com.unation.app,9.144089937210083,False
com.myfreevinapp,9.929106950759888,True
com.france24.androidapp,8.999619960784912,True
com.intriga_games.scanwords,9.269674062728882,True
com.lipscosme.lips,9.99177598953247,True
appstore.game.missingwordwaslatt,10.008777856826782,True
whitecastle.ordering,11.122514009475708,True
com.iViNi.bmwhatLite,10.076746940612793,True
com.mobileboss.buon.giorno.sena.notte,8.93204402923584,True
com.games2win.superschooldriver,9.352279901504517,True
com.anovaculinary.android,9.390475034713745,True
com.norwichsidegames.tothemoon,9.47028398513794,True
com.goldenguns.army.car.stunts.racing.ramp.car.stunt.impossibletracks,9.442914009094238,True
com.matchlatam.ourtimeapp,9.397698163986206,True
com.mastercomlimited.cardriving_t,13.874714851379395,True
br.org.sesc.credencialvirtual,10.161078691482544,True
com.angkormobi.ukcalendar,8.865370035171509,True
com.frojo.moy7,10.644304037094116,True
com.playjoygame.colorgame,8.962344884872437,True
com.videocutter.mp3converter,9.101598024368286,True
com.bambo.soccerbeach,9.10434103012085,True
com.redberry.glitterlips,9.113848209381104,True
net.one97.paytm,11.40831208229065,True
com.baladmaps,9.039685010910034,True
com.meihillman.callrecorder,9.117645740509033,True
com.barisefe.gazeteler,9.988128185272217,True
com.bloomberg.android.plus,9.756483793258667,True
com.teacapps.barcodescanner,9.74888801574707,True
com.google.android.apps.youtube.creator,10.088019847869873,True
com.arf.weatherstation,10.514267683029175,True
com.galaxy.glitter.live.wallpaper,9.363264083862305,True
jackpotboom.slots.casino.vegas.free.android,12.134782075881958,True
com.neuralplay.android.bridge,9.417672157287598,True
de.pizza,7.307077884674072,False
com.outthinking.photo,9.522506952285767,True
org.naviki,8.800429105758667,True
com.pandavideocompressor,9.561494827270508,True
com.minix.speargames,8.942853212356567,True
com.bergman.quemsoueu,9.774688959121704,True
com.tinydragonadventuregames.crafting.building.exploration.blocky.cube.lite.boy.girl.love.date.game.chat.minecraft.boyfriend,8.683555841445923,True
games.noho.gungang,9.460857152938843,True
com.web_view_mohammed.ad.webview_app,10.502563714981079,True
com.kmo.pdf.editor,10.62629508972168,False
com.Avenza,10.887109756469727,True
com.SpringFlowersLiveWallpaperHQ,9.215934991836548,True
com.chic.blacklight,9.240864992141724,True
com.square_enix.android_googleplay.FFBEWW,8.63826584815979,True
com.evilclicker.evilclicker,8.905159950256348,True
com.symantec.securewifi,9.28414273262024,True
com.tutotoons.app.sweetbabygirlsummercamp.free,9.405595064163208,True
com.connectTheDots,8.841461896896362,True
ru.innim.my_finance,8.943069219589233,True
com.Zeeppo.GuitarBand,9.060694932937622,True
com.movavi.mobile.movaviclips,8.820013046264648,True
jp.ne.donuts.pds,8.987846851348877,True
com.sraoss.dmrc,9.04007601737976,True
com.hotheadgames.google.free.bigwinsoccer,9.17785096168518,True
com.tribunegamesmobilestudios.devil.superhero.angelscrime.city,9.09131121635437,True
com.aegisinteractive.goo,11.322237968444824,True
com.woome.blissu,11.619521856307983,False
com.doodlejoy.studio.doodleworld,9.080481052398682,True
id.co.bankbkemobile.digitalbank,8.909134864807129,True
com.amp.android,12.107784032821655,True
com.fullfat.android.quarterback16,10.352920055389404,True
live.kiko.user,8.960706949234009,False
cn.danatech.xingseus,9.155097246170044,True
com.ai.bfly,9.504087924957275,True
com.lotus.sync.traveler,9.07819390296936,True
ru.gazprombank.android.mobilebank.app,12.46083378791809,False
com.vnpay.Agribank3g,8.894607067108154,False
co.pamobile.pokemon.cardmaker,9.451223134994507,True
com.megarama.doublemoneyslots,10.24605917930603,True
com.kcell.myactiv,9.010759115219116,True
com.drugscom.app,9.38445782661438,True
com.PSVStudio.Airport2,8.891657829284668,True
tunein.player,8.578834295272827,True
pt.jmdev.vibrador_digital,10.642239093780518,True
com.diy.school,9.06238317489624,True
com.catbag.whatsappvideosdownload,8.993985176086426,True
com.idmobile.portugalmeteo,9.279525995254517,True
com.rayark.deemo2,10.479960918426514,True
it.medieval.blueftp,9.027735948562622,True
air.com.readysquare.zdrapki,8.953935861587524,True
com.mymahindra.Live,9.273085832595825,True
com.clusterdev.tamilkeyboard,9.24138879776001,True
com.fiogonia.dominoes,8.488154888153076,True
com.avelog.catsimulator,12.6894850730896,True
com.ball.pool.nation.billiards,9.140074014663696,True
com.pokkt.app.pocketmoney,9.819273948669434,True
ru.appscraft.dominoes,9.695178985595703,True
com.nutrition.technologies.Fitia,9.076659917831421,True
com.xingjoys.zgirls.gp,8.83372712135315,True
com.dilstudio.dietrecipes,9.169127941131592,True
com.jundroo.SimplePlanes,9.823091268539429,True
app.sarhne.com,12.426782846450806,False
com.jewelslidey.hwwgame,9.631867170333862,True
com.mathrubhumi.news,8.724250078201294,True
com.femi.patient.clalitnew,10.018517017364502,True
com.skireport,11.074419975280762,True
com.yinzcam.nfl.packers,8.609016180038452,True
com.havit.android,10.226140975952148,True
interactive.story.games.high.school.drama.love.story,8.997344017028809,True
com.amazon.aws.console.mobile,10.561388969421387,True
holdingtop.app1111,9.835716009140015,False
com.qatarevents,9.366693258285522,True
com.fbwallet,9.133632898330688,True
com.handmark.sportcaster,11.006970167160034,True
com.tcl.android.tv.remote.tclandroidtvremote,11.065424919128418,True
com.voltage.g.hykoi,8.615965843200684,True
droso.application.nursing,8.63117504119873,True
com.piupiuapps.makeup,9.133198738098145,True
applock.lockapps.fingerprint.password.locker,8.961913824081421,True
com.shortcut.makethecombine,9.822415828704834,True
com.gf.busdriving.publictransport.citypassenger.drivinggames,10.85992693901062,True
de.lovd,8.610770225524902,True
com.lockerroom.face.changer.mustache.beard.handsome.free,9.964487075805664,True
com.naturallybeing.fireready,8.663980722427368,True
manga.anime.toon,8.607491970062256,True
easy.to.read.kjv.bible,8.70832109451294,True
com.readly.client,8.860430002212524,True
us.zoom.videomeetings,8.840108871459961,True
org.familysearch.mobile,9.646866083145142,True
com.cometdocs.pdftoword,8.503712177276611,True
com.sports2i,9.782840013504028,False
jp.co.val.expert.android.aio,9.347797870635986,True
com.wftab.weather.forecast,10.194800853729248,True
today.youdrive.lite,9.25510287284851,True
ca.virginmobile.myaccount.virginmobile,8.986788272857666,True
cz.digerati.babyfeed,8.773280143737793,True
com.games2win.drivingacademy,9.524802923202515,True
com.fidelity.android,9.616569757461548,True
com.glance.internet,10.028022050857544,True
com.weselezklasa.weselezklasapl,8.94839596748352,True
com.ewa.ewaapp,8.908638954162598,True
mobi.infolife.ezweather.widget.accurate.weather.report,8.910591840744019,True
com.SimpleDate.FaMy,8.756710767745972,True
com.alien.shooter.galaxy.attack,9.128650188446045,False
com.bbva.nxt_argentina,10.922663927078247,True
com.pdfreader.pdfeditor.pdfreadeforandroid.pdfeditorforandroidfree,9.074248790740967,True
es.plus.yomvi,9.336173057556152,True
net.mbc.shahid,9.88162899017334,True
com.alhiwar,8.764802932739258,True
com.thegameobject.cattle.farming.milk.transport,9.949166774749756,True
com.amberfog.reader,9.085837841033936,True
com.sm1.EverySing,8.528872013092041,True
eu.smartpatient.mytherapy,8.892360925674438,True
com.alphapotato.prankster,9.071453332901001,True
com.glasses.selfiesunglasses.photolab.beautyplus.photoeditor,9.321452140808105,True
com.lr.sweet.beauty.camera.photoeditor,9.99154782295227,True
s20ringtones.bestringtones.tones,10.09374213218689,True
com.tp.moneybank,9.697619199752808,False
com.gl.go.to.gangster.city.bhola.record.fighting.games,12.17933702468872,True
com.publix.main,8.626737117767334,True
com.tutotoons.app.littlekittytown.free,10.048138856887817,True
com.zjcgame.icingonthedress,9.234127044677734,True
com.yourchristiandate,9.922430038452148,True
com.appquiz.baby.ballons,9.041819095611572,True
com.palmsecret.horoscope,8.87087082862854,True
com.ratibeauty.app,9.386979103088379,True
com.analyzing.network,10.57372498512268,True
com.liveyap.timehut,8.877936840057373,True
guess.country.flag,9.047667026519775,True
com.downlood.sav.whmedia,9.214468955993652,True
com.figma.mirror,9.665502786636353,True
com.baklabs.taxi.simulator,11.056333065032959,True
com.recorder.music.bstech.videoplayer,9.446516036987305,True
com.interbolt.gorilla.robot.transforming.games.robot.shooting,10.876430749893188,True
google.free.icequeen.peachygamesllc,8.8889479637146,True
com.mobiloids.trueorfalse,8.98636507987976,True
com.psa.mym.myopel,9.107028007507324,True
com.theinnercircle,10.058436155319214,True
com.tellmewow.senior.party,10.124497890472412,True
br.com.tapps.bidwars,11.35948395729065,True
com.admads.android.HisnulMuslim_Google_JQM,10.941261768341064,True
com.tedrasoft.music.maker,9.98755693435669,True
ru.russianhighways.mobile,9.243387222290039,True
biblia.jfa.offline.com.harpa,8.68419098854065,True
com.igs.fish,10.430511236190796,True
com.magmamobile.game.Bowling3D,8.781991004943848,True
com.nonoapps.dibujaranime,8.913874864578247,True
com.contacts1800.ecomapp,8.985334873199463,True
com.xeeplaygames.squad.ff.gun.games,9.600970029830933,True
com.ktcs.whowho,9.11290693283081,False
com.playstrom.dop2,9.981931924819946,True
com.djit.bassboostforandroidfree,9.012757062911987,True
vn.gapo.app,10.92452597618103,False
com.musixmatch.android.lyrify,10.692062854766846,True
com.mobirix.cardmatch,8.830798864364624,True
com.splendapps.decibel,9.38024091720581,True
com.live.earthmap.streetview.livecam,9.520331144332886,True
com.jaredco.calleridannounce,8.763329029083252,True
com.adobe.psmobile,9.74688982963562,True
live.weather.vitality.local.channel.forecast,9.442570924758911,True
br.com.pernambucodasorte,9.612491130828857,False
com.att.deviceunlock,9.07691216468811,True
com.discipleskies.android.polarisnavigation,10.16143012046814,True
com.rds.sniper.shooter.fps.bullet.free.gun.shooting.games,12.948640823364258,True
com.block.jigsaw.puzzle.gallery,9.390926122665405,True
info.myapp.allemailaccess,9.884691953659058,True
com.TMBTOUCH.PRODUCTION,10.906930208206177,False
mytown.museum.free,10.94900107383728,True
com.Offs.WhoIAm,10.312867879867554,True
com.ballytechnologies.f88,14.334192037582397,True
com.airwatch.androidagent,10.91158413887024,True
air.fizizi.PrincessMakeupNewYearstyle,10.016223907470703,True
com.drink.water.reminder.alarm.tracker,9.306247234344482,True
com.videodownloader.instagram.video.downloader,9.26514482498169,True
com.iz.tizi.royal.princess.dollhouse.life.games.home.design.world.my.wonder.town,9.812705039978027,True
com.berniiiiiiii.braz,9.349530935287476,True
com.playinfinity.game.castlestory,8.922688007354736,True
com.europosit.pixelcoloring,8.880472898483276,True
com.mobsnake.verticalgallery,9.210583925247192,True
jp.co.excite.kodansha.morning.weekly,10.96071195602417,True
com.google.android.gm.lite,8.98813009262085,True
silver.luxury.watch.wallpaper.live.keyboard,9.308882236480713,True
com.intrusoft.vrplayer,20.15469717979431,True
com.banderlogiapps.hd,10.425978183746338,True
com.tibber.android,9.872486114501953,True
com.funplus.coa,37.24373412132263,False
com.nhn.android.nmap,11.084177017211914,True
com.ktwapps.speedometer,8.356752872467041,True
com.infiniti.photos,8.567404985427856,True
cat.minkusoft.jocstauler,7.012468099594116,False
com.revolut.revolut,9.277197122573853,False
com.concentriclivers.mms.com.android.mms,9.664680242538452,True
com.kbstar.land,9.620061874389648,False
com.fatcat.IceCreamConesMaker,9.716774940490723,True
com.playstudio.slideshow.videomaker,9.108295917510986,True
com.softboom.autovelox,9.639978170394897,True
com.finger.hsgame,11.901625156402588,True
com.hdhstack.athletics,10.317085981369019,True
io.voodoo.tenkyu,9.952100038528442,True
com.deerslab.dinoTREX,8.729642868041992,True
com.snowcorp.vita,9.189847707748413,False
com.mictale.gpsessentials,9.675338983535767,True
com.delphicoder.flud,9.127846956253052,True
com.bss.game.DicastRoc,36.004331827163696,True
com.bhima.logoart,10.603997945785522,True
com.square_enix.android_googleplay.mangaup_global,10.865801095962524,True
com.worms3.app,9.716223955154419,True
com.miga.myapartment,12.54814887046814,False
com.outerminds.pewdiepie,9.7216956615448,True
com.mydroid.tv.remote.control.all.tv.controller,9.011883974075317,True
com.progimax.airhorn.free,9.063513278961182,True
com.telea7la.arabs3oud,9.256972074508667,True
in.medibuddy,9.480475187301636,True
com.noobvspro.mine.block.hacker.god.craft.storymode.earth,8.882394075393677,True
com.blueappsllc.buenosdias,9.510735750198364,True
com.vgames.millionairegoldendeal,10.027233839035034,True
com.tbegames.and.tank_world_battle,13.43764615058899,True
com.channelnewsasia,11.419893026351929,True
com.docreader.readerdocument,9.320340871810913,True
br.com.belezanaweb.android,10.144014120101929,True
com.brotechllc.thebroapp,8.746096849441528,True
ir.Hadiware.Snake_Ladder,9.021378993988037,True
com.nnxshcwrkg.scavengerhunt,10.575833797454834,True
com.roularta.lexpress,8.995404720306396,True
com.joydo.minestrikenew,11.177307844161987,True
com.tapinator.angry.shark2016,8.952569007873535,True
com.appstrend.speed.robot.game,10.227503776550293,True
com.a25apps.HillClimber,11.547441959381104,True
com.holidaycheck,9.399832010269165,True
com.weplay.motogp,9.037390232086182,True
amplified.bible.free.OFFLINE,8.991055011749268,True
com.giraffegames.pool,11.747509956359863,True
games.paveldogreat.fluidsim,11.700098037719727,True
com.yuryn.bridgelegends,9.697683811187744,True
com.generalcomp.smonetc,8.761605978012085,True
com.trivia.star.android,9.58359408378601,True
com.ebay.gumtree.za,9.900509357452393,True
com.nikon.wu.wmau,9.200407981872559,True
hurriyet.mobil.android,9.581835985183716,True
com.sitiv.resmitatillervedinigunler,6.92293906211853,False
ua.otaxi.client,9.32673192024231,True
com.kongregate.mobile.tinkerisland.google,9.535705804824829,True
com.mcpe.test.furniture,9.107109069824219,True
com.mimisoftware.emojicreatoremoticonosemoticones,8.932288885116577,True
com.abdullahapps.islamculturegenerale,8.76592206954956,True
com.period.tracker.lite,9.031069993972778,True
com.microsoft.windowsintune.companyportal,8.626379013061523,True
com.avecreation.drivingzonegermany,8.885783195495605,True
uk.co.highapp.audiobook.ebooks,8.757943153381348,True
visitingcardmaker.employee_idcard.businesscardmaker,9.812505006790161,True
com.nullapp.minipiano,8.85856008529663,True
com.ak41.mp3player,8.954638004302979,True
com.piksoft.turboscan.free,9.070725917816162,True
com.google.android.apps.classroom,9.450344800949097,True
com.sbweb.worldcupjersey,10.85607385635376,True
com.infiapps.pandaslots,10.524471998214722,True
com.candyrufusgames.survivalcraft2trial,9.660653829574585,True
jp.co.yahoo.gyao.android.app,8.874754667282104,False
com.grandview.youflirt,9.15477204322815,True
zok.android.dots,9.845319986343384,True
com.universal.tv.remote.control.all.tv.controller,8.917894124984741,True
com.vg.drive.army.offroad.mountain.truck,9.80836009979248,True
com.ptvag.android.adacgasprices,9.191194295883179,True
com.gkstudio.incredible.monster.robot.war.bigman.games,11.883748054504395,True
com.ninjakiwi.btdadventuretime,9.703935146331787,True
com.cam001.selfie361,10.708654642105103,True
com.midifun,9.737399816513062,True
com.iberia.android,10.105488777160645,True
com.linkedin.android.learning,9.197853326797485,True
com.muhanov,8.961124897003174,True
fr.francetv.pluzz,8.946943998336792,True
com.zams.bus.parking.games,9.26440715789795,True
com.doradogames.conflictnations.worldwar3,10.273698806762695,True
de.combirisk.katwarn,9.450872659683228,True
nova.all.video.downloader,8.6530921459198,True
com.byril.dots,11.928892135620117,True
in.plackal.lovecyclesfree,12.213860988616943,False
air.Airship2,10.008423089981079,True
com.cvs.launchers.cvs,10.069905996322632,True
com.outfit7.talkingtomgoldrun,9.176679134368896,True
br.com.bradesco.cartoes,9.057983160018921,True
com.inedgenxt,9.50668978691101,False
com.marsvard.stickermakerforwhatsapp,9.38932204246521,True
com.zueiraswhatsapp,9.19589376449585,True
com.gokids.trains,9.169309854507446,True
co.findship.FindShip2,9.483987808227539,True
com.studio360apps.mirror,8.843843221664429,True
com.zmobileapps.postermaker,9.918436765670776,True
com.cesayazilim.hikaye_kitabi,9.573757886886597,True
com.playjoygame.pg,9.115392684936523,True
com.megalol.quotes,8.987175941467285,True
com.btw.citilux,8.99436902999878,True
com.emoji.coolkeyboard,8.679630994796753,True
business.letterheadmaker,9.77272081375122,True
com.smsrobot.callu,10.25652003288269,True
com.chat.ruletka,9.034299850463867,True
com.crossfield.hanafuda,10.034617185592651,False
com.ageofeternity.global,11.316926002502441,False
com.bbumgames.rummystars,9.995577096939087,True
com.bandagames.miner,9.430134057998657,True
de.adac.mobile.pannenhilfe,9.595692873001099,True
com.noinnion.android.greader.reader,8.670431852340698,True
rs.telenor.mymenu,9.03407907485962,True
com.ups.mobile.android,9.68056583404541,True
com.area730.lion.family.sim,8.864280700683594,True
com.napko.RealDash,8.893546104431152,True
jp.kingsoft.pianotiles,8.674293041229248,False
com.arammeem.android.apps.toyou,9.865232229232788,True
com.webfic.novel,8.62134599685669,True
com.mynet.okey101,9.016180992126465,True
com.ppsht.loto,8.709903001785278,True
com.chargedmonkey.whatthehen,9.971815824508667,True
com.emisferio.yonunca,10.593487024307251,False
com.mudah.my,9.950116157531738,True
com.movilred.subscriber,9.85752010345459,False
com.foxelpix.crossstitchclub,10.206878900527954,True
com.creactive.quemquersermilionario.millonario.lite,8.724586009979248,True
com.trtcocuk.muzikatolyesi,9.729943037033081,True
com.quizizz_mobile,8.544441938400269,True
com.tubemote.app,9.286351680755615,True
com.textingstory.textingstory,8.925013065338135,True
com.edujoy.skills,8.822312116622925,True
com.abbyy.mobile.lingvo.market,9.092401027679443,True
com.square_enix.android_googleplay.chrono,10.336573839187622,True
com.fungames.boomforce,9.848860025405884,True
com.budgestudios.TransformersRescueBotsHeroAdventures,9.182754039764404,True
com.tekxperiastudios.pdfexporter,16.816570281982422,False
com.gps.maps.me.city.navigation.metro.transit.navigation.live.traffic.weather,9.859927892684937,True
com.eyebrow.shaping.sourcil.maquillage,10.169402122497559,True
com.tru,8.9215829372406,True
com.primetimegames.trainracing3d2018,8.910459995269775,True
me.aftergrowth.disco,11.038526058197021,True
com.puzzle.merge,9.054451942443848,True
com.google.zxing.client.androidtest,9.339293956756592,True
com.gf.virtual.tiger.family.simulator.wildgames,11.912919998168945,True
com.kuhakuworks.DOOORS,9.938430070877075,True
com.sinyee.babybus.seaworld,9.486317873001099,True
com.scl.rdservice,9.035011053085327,True
com.manababa.BeggarKing2,9.450838088989258,True
com.kingim.zoomquiz,9.918422937393188,True
com.touchsurgery,10.10999321937561,True
fr.stime.mcommerce,9.189785957336426,True
com.oprex.nopol,8.821400880813599,True
com.rayark.Cytus.full,12.372148036956787,True
com.photofy.android,8.618480682373047,True
by.tut.android,10.766631126403809,True
air.nl.goliathgames.triominos,11.27040410041809,True
com.timleg.quiz,9.451169967651367,True
be.rbfa,8.972450971603394,True
com.apprope.wordsearch,8.922705888748169,True
com.pregnancyapp.babyinside,8.795979022979736,False
com.pablo.gallegoFalcon.PDLNormalEN,10.693778991699219,True
com.dencreak.weightwar,10.330188989639282,True
com.FDGEntertainment.Oceanhorn.gp,12.049660205841064,True
com.games2win.highschooldt,9.090181112289429,True
com.JonsRonaldo.Wallpapers2018,8.996017217636108,True
com.ciliz.spinthebottle,10.304536819458008,True
com.game.sattakingstore,8.999106168746948,True
com.exovoid.weatherxs,9.167984962463379,True
it.fi.appstyx.giuntialpunto,9.88355803489685,True
com.droid4you.application.wallet,8.995965957641602,True
com.WatchMoviesOnline,7.373271226882935,False
com.games.commando.missions.combat.fury,9.719871044158936,True
com.microsoft.amp.apps.bingnews,8.787446022033691,True
jp.futabanet.gaugau.app,10.689482927322388,False
com.bubadu.cleanupkids,18.700176239013672,True
com.wonderpeople.megahitpoker.global,10.518421173095703,True
info.videoplus,8.438525199890137,True
com.cricketwireless.thescoop,9.897480249404907,True
mobi.redstonegames.crossword.en,10.786908864974976,True
pl.netigen.rockchallenge,9.3854501247406,True
com.hyperhoop.pocketmonsters,10.305538654327393,True
air.parisrexandro001,9.87651801109314,True
us.mathlab.android,9.105005025863647,True
com.scoregame.gameboosterpro,10.890774011611938,True
com.motionlab.darts2,9.041046142578125,True
com.livesoccertv,8.76285719871521,True
com.citrix.Receiver,10.942275047302246,True
com.rescue.agent,9.035592794418335,True
at.mobilkom.android.handyparken,9.705396890640259,True
polis.app.callrecorder,9.059191703796387,True
us.sliide.newsandrewards,12.806047916412354,True
com.chaima.bolum.belle_sebastien,8.70487093925476,True
com.afksoft.WordShakerAndroidFree,8.829216003417969,True
com.rhythm.hexise.uninst,8.889548063278198,True
piano.amazing.challenge,9.580876111984253,True
com.astrovicapp.bigDaysLite,9.228443145751953,True
com.learnprogramming.codecamp,8.898029088973999,True
com.chaloapps.strikefortressbox,8.984946966171265,True
ru.tabor.search,9.217254877090454,True
in.mohalla.sharechat,11.349895000457764,False
com.pazugames.avatarworld,12.220485925674438,True
com.whiture.apps.tamil.calendar,10.61529278755188,True
com.sling,9.547940015792847,True
bigcraft.big.craft.adadisa.crafting.building.games,10.516510009765625,True
inc.trilokia.pubgfxtool,8.970077991485596,True
com.flashfoodapp.android,9.24130392074585,True
com.devsisters.CookieRunForKakao,9.78065800666809,True
com.atistudios.ispeak.en,10.050015926361084,True
com.htc.dotmatrix,12.912949085235596,False
com.zeptolab.thieves.google,10.23226809501648,True
be.bmid.itsme,8.821100950241089,True
com.indigokids.mimdoctor,9.125700235366821,True
com.RanatHatif2020.Sonneries.NewRingtones2021,9.135650873184204,True
com.apspdcl.consumerapp,10.335208892822266,True
com.zynga.crosswordswithfriends,9.68861699104309,True
com.poquesoft.quiniela,8.614424228668213,True
com.huuuge.cinderella,9.313230752944946,True
com.no.draw.color.by.number,9.133533954620361,True
balera.music.android,8.408269166946411,True
com.vsco.cam,10.022048950195312,True
kr.co.captv.pooqV2,10.148140668869019,True
com.appbasic.photoaquariumlivewallpaper,9.06475019454956,True
com.orange.meditel.mediteletmoi,9.027297019958496,True
net.prodoctor.medicamentos,8.669251203536987,True
com.sagosago.World.googleplay,9.375144958496094,True
com.fahad.rishtapak,9.448741674423218,False
motorcycle.catalog,9.586140871047974,True
jp.colopl.wcat,8.796291828155518,True
com.tabtale.messybabysitter,11.201694965362549,True
com.policybazaar,9.158423900604248,True
it.bjarn.android.subscribercount,8.8437819480896,True
com.scb.phone,9.632270097732544,True
com.xome.android,9.041406869888306,True
com.mirabella.genio,8.54643988609314,True
com.shaizsports.livecricket.tensports,7.1431519985198975,False
com.smule.autorap,9.310186862945557,True
viva.republica.toss,9.784113883972168,True
ru.tinkoff.mvno,9.157464027404785,True
com.kidsthree.babyfashiontailor,11.448551177978516,True
com.amazon.avod.thirdpartyclient,8.886543989181519,True
reddit.news,9.007805824279785,True
com.blackout.spades,9.549628019332886,True
com.hardgrnd.lineup11,9.267989158630371,True
com.flashalerts3.oncallsmsforall,9.039244890213013,True
com.bookmate,9.198832750320435,True
com.noxgames.battle.car.tycoon,9.50672197341919,True
com.vincentb.RollyLegs,8.889134883880615,True
beauty.selfiecamera.beautycam.youbeautymakeup,8.60825490951538,True
com.lime.video.player,9.108828783035278,True
athena.studio.woody.sudoku.block.puzzle.brain.training.mind.games.free.happy.offline,9.435207843780518,True
com.nexelon.fishinglife,8.813223361968994,False
com.nazdika.app,9.537939071655273,False
com.tp.pmu3d,10.053465843200684,False
com.thunderbull_entertainment.thepool,12.431487083435059,True
helectronsoft.com.grubl.live.wallpapers3d,9.733545064926147,True
com.locon.housing,9.306124925613403,True
jp.booklive.reader,11.359431982040405,True
com.joara.mobile,9.657376050949097,True
com.duosecurity.duomobile,9.598320722579956,True
br.com.espacolaser.Agendamento,10.224968910217285,False
com.forty.eliran.forum,9.378210067749023,True
br.com.esapiens.ysos,9.250693798065186,True
com.california.cyber.developers.gps.speedometer.tripmeter,10.126959085464478,True
org.d1p_kind.st,9.127557754516602,True
jp.co.canon.bsd.ad.pixmaprint,8.721740007400513,False
com.guilardi.eusei,10.319991111755371,True
dreamphotolab.instamag.photo.collage.maker.grid,9.538441896438599,True
com.silvermoonapps.learnkoreanquicklite,9.10117793083191,True
com.games.makewords2,8.922077178955078,True
com.king.farmheroessupersaga,11.997022867202759,True
ru.lenta.lentochka,9.838901996612549,True
pl.ing.mojeing,9.193793773651123,True
com.sayurbox,9.722830057144165,True
net.fetnet.fetvod,10.164856910705566,True
wsj.reader_sp,9.558598756790161,True
com.beely.Lyrics.videomaker.videoeditor,24.2468159198761,True
com.Makeup.Games.Girls,9.492234945297241,True
com.yomobigroup.chat,8.643324851989746,True
com.olarm.olarm1,9.399594068527222,True
fr.opena.maze,9.28829312324524,True
com.trkstudio.tasbeehcounter,9.413296937942505,True
com.dokdoapps.mybabyfirework,10.246172189712524,True
com.nglreactnative,10.45871615409851,True
com.iMe.android,10.013206958770752,True
com.racergame.cityracing3d,12.804991006851196,True
com.hpww.winterwonderland,9.989283800125122,True
au.com.seek,8.984614133834839,True
ru.swan.kvrachu,12.605998992919922,False
cityguide.probki.net,10.920715808868408,True
com.live.earth.maps.liveearth.livelocations.mylocation.streetview.maps2019,11.477282047271729,True
com.justeat.app.ie,9.197572946548462,True
com.elevenbitstudios.twommobile,9.128711938858032,True
com.code.bluegeny.myhomeview,8.777004957199097,True
com.softwego.liedetector,9.155646085739136,True
com.billiardsmaster.fbndy,9.689457178115845,True
com.playermusic.musicplayerapp,8.749378204345703,True
com.eckoh.powerni,8.920011043548584,True
app.translate.translator,7.198519945144653,False
com.cereproc.Gabriel,9.419404745101929,True
share.sharekaro.pro,8.94401502609253,True
com.jaumo.prime,9.236323118209839,True
com.gumtree.android,11.101725816726685,True
com.YovoGames.farm2,13.234964370727539,True
com.yoti.mobile.android.live,9.421985864639282,True
vn.vtv.vtvgo,9.01067304611206,True
com.telosudibyo.skintone.freetools,9.027489185333252,True
com.treemengames.pako2,10.961485147476196,True
com.pnixgames.minigolfking,8.955286026000977,True
digifit.virtuagym.foodtracker,12.401787042617798,False
com.iconology.comics,9.291090250015259,True
com.jura.car.stunt.master,10.074070930480957,True
com.TRT.TrtHaber,8.819079160690308,True
com.raise365,9.119300127029419,True
com.doctor.robot.human.rescue,15.862690925598145,True
mytown.hotel.free,10.504013061523438,True
pl.planmieszkania.android,9.050366878509521,True
net.fagames.android.playkids.animals,9.331468105316162,True
wizzo.mbc.net,9.379235029220581,True
com.asianpaints.dbu.digital.colourwithasianpaints,9.849853992462158,True
com.mobirix.mahjongking,9.184688091278076,True
com.stove.epic7.google,11.040504217147827,True
com.kms.free,9.686193704605103,True
com.android21buttons,9.04032301902771,True
com.ddangya.app,12.222604036331177,False
com.cereproc.William,10.394442081451416,True
com.dogusdigital.puhutv,9.923996925354004,True
com.alper.okey101.hd,9.090721130371094,True
hu.gov.eeszt.mgw.app.allampolgari,9.850401163101196,True
com.studiosol.cifraclub,9.675870895385742,True
air.com.tombola.bingo,7.581116199493408,False
com.proximabeta.nikke,10.012702941894531,False
com.linkdesks.slotking,10.32649302482605,True
mytown.beach.free,13.314370155334473,False
com.formationapps.nameart,10.02021598815918,True
search.find.lorries.invite.transporter.add.lorries.deliveries.codenicely.search.vahak,10.028467893600464,True
com.clarocolombia.miclaro,12.406522989273071,True
pl.koleo,8.850298881530762,False
com.romantic.boyfriend.girlfriend.love.letters,10.239869832992554,True
com.tencent.baiyeint,10.957767009735107,True
com.drawing.pad.desk.app.coloring.book.paint.sketch,9.577878713607788,True
com.ttdapp,9.275713920593262,True
com.spbtv.test,10.481117963790894,True
com.everimaging.photoeffectstudio,9.207122325897217,True
app.kids360.kid,9.073523998260498,True
com.YovoGames.hair,9.045970916748047,True
com.creative.Learn.to.draw.comics,8.858589887619019,True
com.skymoons.kittenmatch,9.297147035598755,True
com.digitas.solidstarts,9.568392992019653,True
com.sonic.sonicdrivein,8.83089804649353,True
com.docon.patientapp,8.820762157440186,True
com.turborocketgames.dogsim,8.960286855697632,True
com.appmaker.userlocation,8.893976211547852,True
com.pokiemagic.casinoslots,10.306613206863403,True
pl.netigen.diaryunicorn,10.362086057662964,True
com.ss.android.article.topbuzzvideo.general,8.963298082351685,True
com.iclassicscollection.ipoe3,9.713386058807373,True
jp.youbride.android,9.86816120147705,True
com.studiosol.afinadorlite,8.87636923789978,True
videoeditor.videomaker.slideshow.fotoplay,9.180230140686035,True
com.google.chromeremotedesktop,9.692739009857178,True
net.peakgames.ginrummyplus,10.719691038131714,True
com.joyreading.wehear,9.22396731376648,False
com.fotodoing.retrocam,10.88836932182312,True
crown.heart.photo.editor,9.790500164031982,True
com.fbs.tpand,9.553555965423584,True
com.mci.balagh,7.30399489402771,False
com.zhangyun.bravo,11.164066076278687,False
app.melon.icompass,10.106765747070312,True
com.ns.ack,9.42987322807312,True
com.alexander_menjivar.Cuanto_Sabes_de_la_Biblia,9.45817232131958,True
multi.parallel.dualspace.cloner,8.773205041885376,True
com.inspiredsquare.jupiter,9.094565868377686,True
com.tiklike.app,10.414392232894897,True
com.mapps.tienlen_miennam,10.88742208480835,True
com.startapp.appbarber,9.0065279006958,True
com.BINBIN,9.308788061141968,True
com.joyride.rider,8.961837768554688,True
com.gameberry.baby.house,8.981910943984985,True
mobi.foo.aljadeed,9.856036901473999,True
com.app.pepperfry,8.620218276977539,True
com.app.calculator.vault.hider,9.40986704826355,True
com.corusen.accupedo.te,9.802674770355225,True
com.ivy.galaxyglory.shootinggame,11.063720226287842,True
com.wstick.hk,10.775149822235107,True
me.gira.widget.countdown,8.806994915008545,True
com.daimler.ris.mercedesme.ece.android,9.206308126449585,True
com.nightowlsp.nop,8.967484951019287,True
com.tureng.sozluk,9.356153726577759,True
com.bruyere.android.wordsearch,9.294143915176392,True
com.turborocketgames.cheetahsim,12.565529108047485,True
com.sallybeauty.shop,9.410771369934082,True
com.streetview.liveearthview.mapsnavigation.gpsfinder,11.312886714935303,True
com.szyk.myheart,9.54259705543518,True
com.gamestr.city.traffic.taxi.parking.driving.rush,9.609201908111572,True
com.grubhub.android,9.386225700378418,True
com.refnex.wordtales.prisonbreak,8.886059999465942,True
com.mycash.moneytap.app,8.981627941131592,True
qrcode.reader.qrscanner.barcode.scanner.qrcodereader,8.494087219238281,False
com.grandsons.dictboxur,10.22126317024231,True
com.inkglobal.cebu.android,9.21479320526123,True
com.imvu.mobilecordova,10.684238910675049,True
jp.colopl.quizwiz,9.397200107574463,True
com.grillgames.guitarrockhero,9.65718698501587,True
qlocker.gesture,9.05986213684082,True
tattooz.tattoo.maker.name.on.my.photo,8.984421014785767,True
com.lets.pop.mazepop,8.67421293258667,True
com.scottgames.fnaf2,11.715630054473877,True
com.driftwood.wallpaper.starlight.free,9.404664993286133,True
com.ua.building.Lokicraft,11.270577192306519,True
com.gs.garbhsanskarguru,8.533868074417114,True
com.damonplay.damonps2.pro.ppsspp,9.31557583808899,True
app.playandwinapp.com,9.388710260391235,True
com.giraffegames.tabletennis,8.923076152801514,True
pt.wm.milhes,9.34950590133667,True
com.teachersparadise.scratchdraw,9.73462700843811,True
com.sketchpunk.ocomicreader,9.04233694076538,True
com.ezt.pdfreader.pdfviewer,10.399222135543823,True
com.opodo.reisen,8.983314037322998,True
com.wea.climate.clock.widget,9.14438796043396,True
com.diablins.android.leagueofquiz,8.822632074356079,True
com.helge.droiddashcam,9.239614248275757,True
com.dartushinc.videocall,7.36796498298645,False
jp.co.matsuyafoods.officialapp.dis,9.317775011062622,True
com.novanews.android.localnews.en,8.882253170013428,True
br.com.foursys.boavistaconsumidor,8.742295980453491,True
care.jivaka.picky,9.715665102005005,False
com.digitalspeedometer.velocimetrogps,13.247067213058472,True
com.IguazuGames.Mahjong,16.842735767364502,True
apiqa.ru.residentcabinetandroid,21.265217065811157,False
com.distimo.phoneguardian,479.5471637248993,False
com.usablenet.mobile.walgreen,174.762845993042,False
gin.rummy.plus.free.online.offline.classic.card.game,402.90986800193787,False
